{
  "id1":{
    "sfd":"XXXXXXXXXXXXXXX",
    "comNmae":"山西省忻州市五寨县长征街街道15号楼",
    "kddh":"山西省五台县侯台装饰城侯台小区16号楼 ",
    "mdd":"XXXXXXXXXXXXXXXXX",
    "jjsj":"2017.1.1.18.00",
    "yjsjsj":"2017.1.2.18:00",
    "hwlx":"XX",
    "jjr":"经侦嫌疑人",
    "sjr":"未处理"
  },
  "id2":{
    "comNmae":"XXXXXXXXXXXXXX公司",
    "kddh":"123123123",
    "sfd":"XXXXXXXXXXXXXXX",
    "mdd":"XXXXXXXXXXXXXXXXX",
    "jjsj":"2017.1.1.18.00",
    "yjsjsj":"2017.1.2.18:00",
    "jjr":"XXX",
    "sjr":"XX",
    "hwlx":"XX"
  },
  "id3":{
    "comNmae":"XXXXXXXXXXXXXX公司",
    "kddh":"123123123",
    "sfd":"XXXXXXXXXXXXXXX",
    "mdd":"XXXXXXXXXXXXXXXXX",
    "jjsj":"2017.1.1.18.00",
    "yjsjsj":"2017.1.2.18:00",
    "jjr":"XXX",
    "sjr":"XX",
    "hwlx":"XX"
  },
  "id4":{
    "comNmae":"XXXXXXXXXXXXXX公司",
    "kddh":"123123123",
    "sfd":"XXXXXXXXXXXXXXX",
    "mdd":"XXXXXXXXXXXXXXXXX",
    "jjsj":"2017.1.1.18.00",
    "yjsjsj":"2017.1.2.18:00",
    "jjr":"XXX",
    "sjr":"XX",
    "hwlx":"XX"
  },
  "id5":{
    "comNmae":"XXXXXXXXXXXXXX公司",
    "kddh":"123123123",
    "sfd":"XXXXXXXXXXXXXXX",
    "mdd":"XXXXXXXXXXXXXXXXX",
    "jjsj":"2017.1.1.18.00",
    "yjsjsj":"2017.1.2.18:00",
    "jjr":"XXX",
    "sjr":"XX",
    "hwlx":"XX"
  },
  "id6":{
    "comNmae":"XXXXXXXXXXXXXX公司",
    "kddh":"123123123",
    "sfd":"XXXXXXXXXXXXXXX",
    "mdd":"XXXXXXXXXXXXXXXXX",
    "jjsj":"2017.1.1.18.00",
    "yjsjsj":"2017.1.2.18:00",
    "jjr":"XXX",
    "sjr":"XX",
    "hwlx":"XX"
  },
  "id7":{
    "comNmae":"XXXXXXXXXXXXXX公司",
    "kddh":"123123123",
    "sfd":"XXXXXXXXXXXXXXX",
    "mdd":"XXXXXXXXXXXXXXXXX",
    "jjsj":"2017.1.1.18.00",
    "yjsjsj":"2017.1.2.18:00",
    "jjr":"XXX",
    "sjr":"XX",
    "hwlx":"XX"
  },
  "id8":{
    "comNmae":"XXXXXXXXXXXXXX公司",
    "kddh":"123123123",
    "sfd":"XXXXXXXXXXXXXXX",
    "mdd":"XXXXXXXXXXXXXXXXX",
    "jjsj":"2017.1.1.18.00",
    "yjsjsj":"2017.1.2.18:00",
    "jjr":"XXX",
    "sjr":"XX",
    "hwlx":"XX"
  },
  "id9":{
    "comNmae":"XXXXXXXXXXXXXX公司",
    "kddh":"123123123",
    "sfd":"XXXXXXXXXXXXXXX",
    "mdd":"XXXXXXXXXXXXXXXXX",
    "jjsj":"2017.1.1.18.00",
    "yjsjsj":"2017.1.2.18:00",
    "jjr":"XXX",
    "sjr":"XX",
    "hwlx":"XX"
  },
  "id10":{
    "comNmae":"XXXXXXXXXXXXXX公司",
    "kddh":"123123123",
    "sfd":"XXXXXXXXXXXXXXX",
    "mdd":"XXXXXXXXXXXXXXXXX",
    "jjsj":"2017.1.1.18.00",
    "yjsjsj":"2017.1.2.18:00",
    "jjr":"XXX",
    "sjr":"XX",
    "hwlx":"XX"
  }
}