{
  "id1":{
    "comNmae":"XXXXXXXXXXXXXX公司",
    "zhscsj":"2017.1.1.18.00",
    "sjl":"123123123",
    "lxdz":"XXXXXXXXXXXXXXX"
  },
  "id2":{
    "comNmae":"XXXXXXXXXXXXXX公司",
    "zhscsj":"2017.1.1.18.00",
    "sjl":"123123123",
    "lxdz":"XXXXXXXXXXXXXXX"
  },
  "id3":{
    "comNmae":"XXXXXXXXXXXXXX公司",
    "zhscsj":"2017.1.1.18.00",
    "sjl":"123123123",
    "lxdz":"XXXXXXXXXXXXXXX"
  },
  "id4":{
    "comNmae":"XXXXXXXXXXXXXX公司",
    "zhscsj":"2017.1.1.18.00",
    "sjl":"123123123",
    "lxdz":"XXXXXXXXXXXXXXX"
  },
  "id5":{
    "comNmae":"XXXXXXXXXXXXXX公司",
    "zhscsj":"2017.1.1.18.00",
    "sjl":"123123123",
    "lxdz":"XXXXXXXXXXXXXXX"
  },
  "id6":{
    "comNmae":"XXXXXXXXXXXXXX公司",
    "zhscsj":"2017.1.1.18.00",
    "sjl":"123123123",
    "lxdz":"XXXXXXXXXXXXXXX"
  },
  "id7":{
    "comNmae":"XXXXXXXXXXXXXX公司",
    "zhscsj":"2017.1.1.18.00",
    "sjl":"123123123",
    "lxdz":"XXXXXXXXXXXXXXX"
  },
  "id8":{
    "comNmae":"XXXXXXXXXXXXXX公司",
    "zhscsj":"2017.1.1.18.00",
    "sjl":"123123123",
    "lxdz":"XXXXXXXXXXXXXXX"
  },
  "id9":{
    "comNmae":"XXXXXXXXXXXXXX公司",
    "zhscsj":"2017.1.1.18.00",
    "sjl":"123123123",
    "lxdz":"XXXXXXXXXXXXXXX"
  },
  "id10":{
    "comNmae":"XXXXXXXXXXXXXX公司",
    "zhscsj":"2017.1.1.18.00",
    "sjl":"123123123",
    "lxdz":"XXXXXXXXXXXXXXX"
  },
  "id11":{
    "comNmae":"XXXXXXXXXXXXXX公司",
    "zhscsj":"2017.1.1.18.00",
    "sjl":"123123123",
    "lxdz":"XXXXXXXXXXXXXXX"
  },
  "id12":{
    "comNmae":"XXXXXXXXXXXXXX公司",
    "zhscsj":"2017.1.1.18.00",
    "sjl":"123123123",
    "lxdz":"XXXXXXXXXXXXXXX"
  },
  "id13":{
    "comNmae":"XXXXXXXXXXXXXX公司",
    "zhscsj":"2017.1.1.18.00",
    "sjl":"123123123",
    "lxdz":"XXXXXXXXXXXXXXX"
  }
}